{
  "project_info": {
    "project_number": "814060379306",
    "project_id": "project-firebase-lab",
    "storage_bucket": "project-firebase-lab.appspot.com"
  },
  "client": [
    {
      "client_info": {
        "mobilesdk_app_id": "1:814060379306:android:2ab115dc9c59214b7bc4d3",
        "android_client_info": {
          "package_name": "com.example.project_firebase"
        }
      },
      "oauth_client": [],
      "api_key": [
        {
          "current_key": "AIzaSyA0puEtxlduFA3R4BeMJ79-UqyMtlz2CiE"
        }
      ],
      "services": {
        "appinvite_service": {
          "other_platform_oauth_client": []
        }
      }
    }
  ],
  "configuration_version": "1"
}